<ImportExportXml version="7.0.0001.0129" SolutionPackageVersion="7.0" languagecode="1033" generatedBy="OnPremise" xmlns:xsi="http://www.w3.org/2001/XMLSchema-instance">
  <SolutionManifest>
    <UniqueName>GRDC_ReportsAndDashboards</UniqueName>
    <LocalizedNames>
      <LocalizedName description="GRDC_ReportsAndDashboards" languagecode="1033" />
    </LocalizedNames>
    <Descriptions>
      <Description description="This solution contain the following components&#xA;&#xA;1. Reports&#xA;2. Dashboards&#xA;&#xA;Jan-20-2016:Sprint1:&#xA;User stories: GRDC-#77,#76,#121,#37&#xA;&#xA;Feb-02-2017:Sprint2:&#xA;User stories: GRDC-#118,#117,#119,#92,#184&#xA;MS CRs:#123419,#124204,#124315,#122734,#124401,#125055&#xA;Mail Merge changes included&#xA;&#xA;Feb-20-2017:Sprint2:&#xA;UUser Stories: GRDC-#223,GRDC-#248,GRDC-#224,GRDC-#120,GRDC-#219,GRDC-#238,GRDC-#270" languagecode="1033" />
    </Descriptions>
    <Version>2.28.0.0</Version>
    <Managed>0</Managed>
    <Publisher>
      <UniqueName>DefaultPublisherGRDC</UniqueName>
      <LocalizedNames>
        <LocalizedName description="Default Publisher for GRDC IMS" languagecode="1033" />
      </LocalizedNames>
      <Descriptions>
        <Description description="Default publisher for this organization" languagecode="1033" />
      </Descriptions>
      <EMailAddress xsi:nil="true"></EMailAddress>
      <SupportingWebsiteUrl xsi:nil="true"></SupportingWebsiteUrl>
      <CustomizationPrefix>ims</CustomizationPrefix>
      <CustomizationOptionValuePrefix>17639</CustomizationOptionValuePrefix>
      <Addresses>
        <Address>
          <AddressNumber>1</AddressNumber>
          <AddressTypeCode xsi:nil="true"></AddressTypeCode>
          <City xsi:nil="true"></City>
          <County xsi:nil="true"></County>
          <Country xsi:nil="true"></Country>
          <Fax xsi:nil="true"></Fax>
          <FreightTermsCode xsi:nil="true"></FreightTermsCode>
          <ImportSequenceNumber xsi:nil="true"></ImportSequenceNumber>
          <Latitude xsi:nil="true"></Latitude>
          <Line1 xsi:nil="true"></Line1>
          <Line2 xsi:nil="true"></Line2>
          <Line3 xsi:nil="true"></Line3>
          <Longitude xsi:nil="true"></Longitude>
          <Name xsi:nil="true"></Name>
          <PostalCode xsi:nil="true"></PostalCode>
          <PostOfficeBox xsi:nil="true"></PostOfficeBox>
          <PrimaryContactName xsi:nil="true"></PrimaryContactName>
          <ShippingMethodCode xsi:nil="true"></ShippingMethodCode>
          <StateOrProvince xsi:nil="true"></StateOrProvince>
          <Telephone1 xsi:nil="true"></Telephone1>
          <Telephone2 xsi:nil="true"></Telephone2>
          <Telephone3 xsi:nil="true"></Telephone3>
          <TimeZoneRuleVersionNumber xsi:nil="true"></TimeZoneRuleVersionNumber>
          <UPSZone xsi:nil="true"></UPSZone>
          <UTCOffset xsi:nil="true"></UTCOffset>
          <UTCConversionTimeZoneCode xsi:nil="true"></UTCConversionTimeZoneCode>
        </Address>
        <Address>
          <AddressNumber>2</AddressNumber>
          <AddressTypeCode xsi:nil="true"></AddressTypeCode>
          <City xsi:nil="true"></City>
          <County xsi:nil="true"></County>
          <Country xsi:nil="true"></Country>
          <Fax xsi:nil="true"></Fax>
          <FreightTermsCode xsi:nil="true"></FreightTermsCode>
          <ImportSequenceNumber xsi:nil="true"></ImportSequenceNumber>
          <Latitude xsi:nil="true"></Latitude>
          <Line1 xsi:nil="true"></Line1>
          <Line2 xsi:nil="true"></Line2>
          <Line3 xsi:nil="true"></Line3>
          <Longitude xsi:nil="true"></Longitude>
          <Name xsi:nil="true"></Name>
          <PostalCode xsi:nil="true"></PostalCode>
          <PostOfficeBox xsi:nil="true"></PostOfficeBox>
          <PrimaryContactName xsi:nil="true"></PrimaryContactName>
          <ShippingMethodCode xsi:nil="true"></ShippingMethodCode>
          <StateOrProvince xsi:nil="true"></StateOrProvince>
          <Telephone1 xsi:nil="true"></Telephone1>
          <Telephone2 xsi:nil="true"></Telephone2>
          <Telephone3 xsi:nil="true"></Telephone3>
          <TimeZoneRuleVersionNumber xsi:nil="true"></TimeZoneRuleVersionNumber>
          <UPSZone xsi:nil="true"></UPSZone>
          <UTCOffset xsi:nil="true"></UTCOffset>
          <UTCConversionTimeZoneCode xsi:nil="true"></UTCConversionTimeZoneCode>
        </Address>
      </Addresses>
    </Publisher>
    <RootComponents>
      <RootComponent type="31" id="{063925d2-2b62-e711-80dd-005056942393}" />
      <RootComponent type="31" id="{4b0f4f11-6f1b-e711-80e8-005056947fe2}" />
      <RootComponent type="31" id="{7da1e312-59fe-e611-80e5-005056947fe2}" />
      <RootComponent type="31" id="{952a321a-d5f1-e611-80e1-005056947fe2}" />
      <RootComponent type="31" id="{d8bd8b10-96d9-e711-80df-005056942393}" />
      <RootComponent type="31" id="{df7066c4-4e8c-e611-80df-005056947b8d}" />
      <RootComponent type="60" id="{168eabbb-07e3-e411-9442-00155d00085a}" />
      <RootComponent type="60" id="{2060156d-9f21-e811-80e8-005056949d70}" />
      <RootComponent type="60" id="{7e9c3d66-381c-e811-80e8-005056949d70}" />
      <RootComponent type="60" id="{85667cf9-acdb-e611-80dd-005056947fe2}" />
      <RootComponent type="60" id="{86122fa4-addb-e611-80dd-005056947fe2}" />
      <RootComponent type="60" id="{aca991c9-4b35-e711-80e8-005056947fe2}" />
      <RootComponent type="60" id="{e2738860-724f-4e68-8db6-b2550cffe74c}" />
      <RootComponent type="60" id="{e671ff97-d1de-e511-80d4-005056947b8d}" />
      <RootComponent type="60" id="{f766abdb-f714-e711-80e8-005056947fe2}" />
      <RootComponent type="61" schemaName="ims_currentAndOuterYearsSummary" />
      <RootComponent type="61" schemaName="ims_dev1ReportResource" />
    </RootComponents>
    <MissingDependencies>
      <MissingDependency>
        <Required key="0" type="1" schemaName="gms_projectchangerequest" displayName="Variation" solution="Active" />
        <Dependent key="1" type="60" displayName="Workload Tracking Dashboard" id="{aca991c9-4b35-e711-80e8-005056947fe2}" />
      </MissingDependency>
      <MissingDependency>
        <Required key="2" type="1" schemaName="ims_alert" displayName="Alert" solution="Active" />
        <Dependent key="1" type="60" displayName="Workload Tracking Dashboard" id="{aca991c9-4b35-e711-80e8-005056947fe2}" />
      </MissingDependency>
      <MissingDependency>
        <Required key="3" type="1" schemaName="gms_projectmilestonereport" displayName="Contract Milestone Report" solution="Active" />
        <Dependent key="1" type="60" displayName="Workload Tracking Dashboard" id="{aca991c9-4b35-e711-80e8-005056947fe2}" />
      </MissingDependency>
      <MissingDependency>
        <Required key="4" type="1" schemaName="gms_projectmilestonesummary" displayName="Contract Milestone Summary" solution="Active" />
        <Dependent key="1" type="60" displayName="Workload Tracking Dashboard" id="{aca991c9-4b35-e711-80e8-005056947fe2}" />
      </MissingDependency>
      <MissingDependency>
        <Required key="5" type="1" schemaName="gms_project" displayName="Contract" solution="Active" />
        <Dependent key="6" type="31" displayName="Application Evaluation Report" id="{952a321a-d5f1-e611-80e1-005056947fe2}" />
      </MissingDependency>
      <MissingDependency>
        <Required key="5" type="1" schemaName="gms_project" displayName="Contract" solution="Active" />
        <Dependent key="7" type="31" displayName="2016-2017 Sch 1" id="{df7066c4-4e8c-e611-80df-005056947b8d}" />
      </MissingDependency>
      <MissingDependency>
        <Required key="5" type="1" schemaName="gms_project" displayName="Contract" solution="Active" />
        <Dependent key="8" type="60" displayName="My Dashboard" id="{e2738860-724f-4e68-8db6-b2550cffe74c}" />
      </MissingDependency>
      <MissingDependency>
        <Required key="4" type="1" schemaName="gms_projectmilestonesummary" displayName="Contract Milestone Summary" solution="Active" />
        <Dependent key="8" type="60" displayName="My Dashboard" id="{e2738860-724f-4e68-8db6-b2550cffe74c}" />
      </MissingDependency>
      <MissingDependency>
        <Required key="9" type="1" schemaName="ims_analysis" displayName="Analysis" solution="Active" />
        <Dependent key="8" type="60" displayName="My Dashboard" id="{e2738860-724f-4e68-8db6-b2550cffe74c}" />
      </MissingDependency>
      <MissingDependency>
        <Required key="0" type="1" schemaName="gms_projectchangerequest" displayName="Variation" solution="Active" />
        <Dependent key="8" type="60" displayName="My Dashboard" id="{e2738860-724f-4e68-8db6-b2550cffe74c}" />
      </MissingDependency>
      <MissingDependency>
        <Required key="10" type="1" schemaName="gms_fundingcall" displayName="Procurement" solution="Active" />
        <Dependent key="8" type="60" displayName="My Dashboard" id="{e2738860-724f-4e68-8db6-b2550cffe74c}" />
      </MissingDependency>
      <MissingDependency>
        <Required key="11" type="1" schemaName="ims_idea" displayName="Idea" solution="Active" />
        <Dependent key="8" type="60" displayName="My Dashboard" id="{e2738860-724f-4e68-8db6-b2550cffe74c}" />
      </MissingDependency>
      <MissingDependency>
        <Required key="5" type="1" schemaName="gms_project" displayName="Contract" solution="Active" />
        <Dependent key="12" type="31" displayName="2017-2018 Sch 1" id="{d8bd8b10-96d9-e711-80df-005056942393}" />
      </MissingDependency>
      <MissingDependency>
        <Required key="10" type="1" schemaName="gms_fundingcall" displayName="Procurement" solution="Active" />
        <Dependent key="13" type="60" displayName="Investment Throughput Dashboard" id="{86122fa4-addb-e611-80dd-005056947fe2}" />
      </MissingDependency>
      <MissingDependency>
        <Required key="11" type="1" schemaName="ims_idea" displayName="Idea" solution="Active" />
        <Dependent key="13" type="60" displayName="Investment Throughput Dashboard" id="{86122fa4-addb-e611-80dd-005056947fe2}" />
      </MissingDependency>
      <MissingDependency>
        <Required key="9" type="1" schemaName="ims_analysis" displayName="Analysis" solution="Active" />
        <Dependent key="13" type="60" displayName="Investment Throughput Dashboard" id="{86122fa4-addb-e611-80dd-005056947fe2}" />
      </MissingDependency>
      <MissingDependency>
        <Required key="5" type="1" schemaName="gms_project" displayName="Contract" solution="Active" />
        <Dependent key="13" type="60" displayName="Investment Throughput Dashboard" id="{86122fa4-addb-e611-80dd-005056947fe2}" />
      </MissingDependency>
      <MissingDependency>
        <Required key="5" type="1" schemaName="gms_project" displayName="Contract" solution="Active" />
        <Dependent key="14" type="31" displayName="Portal User Application Report" id="{4b0f4f11-6f1b-e711-80e8-005056947fe2}" />
      </MissingDependency>
      <MissingDependency>
        <Required key="15" type="1" schemaName="gms_fundingcallbudgetline" displayName="Procurement Budget Line" solution="Active" />
        <Dependent key="16" type="60" displayName="Budget Position Dashboard" id="{85667cf9-acdb-e611-80dd-005056947fe2}" />
      </MissingDependency>
      <MissingDependency>
        <Required key="17" type="1" schemaName="gms_sipbudgetline" displayName="SIP Budget Line" solution="Active" />
        <Dependent key="16" type="60" displayName="Budget Position Dashboard" id="{85667cf9-acdb-e611-80dd-005056947fe2}" />
      </MissingDependency>
      <MissingDependency>
        <Required key="4" type="1" schemaName="gms_projectmilestonesummary" displayName="Contract Milestone Summary" solution="Active" />
        <Dependent key="16" type="60" displayName="Budget Position Dashboard" id="{85667cf9-acdb-e611-80dd-005056947fe2}" />
      </MissingDependency>
      <MissingDependency>
        <Required key="5" type="1" schemaName="gms_project" displayName="Contract" solution="Active" />
        <Dependent key="18" type="31" displayName="Application Evaluation Report_BackEnd" id="{7da1e312-59fe-e611-80e5-005056947fe2}" />
      </MissingDependency>
      <MissingDependency>
        <Required key="4" type="1" schemaName="gms_projectmilestonesummary" displayName="Contract Milestone Summary" solution="Active" />
        <Dependent key="19" type="60" displayName="Milestone Management Dashboard" id="{e671ff97-d1de-e511-80d4-005056947b8d}" />
      </MissingDependency>
      <MissingDependency>
        <Required key="0" type="1" schemaName="gms_projectchangerequest" displayName="Variation" solution="Active" />
        <Dependent key="20" type="60" displayName="GRDC Dashboard" id="{168eabbb-07e3-e411-9442-00155d00085a}" />
      </MissingDependency>
      <MissingDependency>
        <Required key="11" type="1" schemaName="ims_idea" displayName="Idea" solution="Active" />
        <Dependent key="20" type="60" displayName="GRDC Dashboard" id="{168eabbb-07e3-e411-9442-00155d00085a}" />
      </MissingDependency>
      <MissingDependency>
        <Required key="3" type="1" schemaName="gms_projectmilestonereport" displayName="Contract Milestone Report" solution="Active" />
        <Dependent key="20" type="60" displayName="GRDC Dashboard" id="{168eabbb-07e3-e411-9442-00155d00085a}" />
      </MissingDependency>
      <MissingDependency>
        <Required key="10" type="1" schemaName="gms_fundingcall" displayName="Procurement" solution="Active" />
        <Dependent key="20" type="60" displayName="GRDC Dashboard" id="{168eabbb-07e3-e411-9442-00155d00085a}" />
      </MissingDependency>
      <MissingDependency>
        <Required key="5" type="1" schemaName="gms_project" displayName="Contract" solution="Active" />
        <Dependent key="21" type="31" displayName="MPRA - Sch 1" id="{063925d2-2b62-e711-80dd-005056942393}" />
      </MissingDependency>
      <MissingDependency>
        <Required key="22" type="2" schemaName="modifiedon" displayName="Modified On" parentSchemaName="gms_project" parentDisplayName="Contract" solution="Active" />
        <Dependent key="7" type="31" displayName="2016-2017 Sch 1" id="{df7066c4-4e8c-e611-80df-005056947b8d}" />
      </MissingDependency>
      <MissingDependency>
        <Required key="22" type="2" schemaName="modifiedon" displayName="Modified On" parentSchemaName="gms_project" parentDisplayName="Contract" solution="Active" />
        <Dependent key="12" type="31" displayName="2017-2018 Sch 1" id="{d8bd8b10-96d9-e711-80df-005056942393}" />
      </MissingDependency>
      <MissingDependency>
        <Required key="22" type="2" schemaName="modifiedon" displayName="Modified On" parentSchemaName="gms_project" parentDisplayName="Contract" solution="Active" />
        <Dependent key="18" type="31" displayName="Application Evaluation Report_BackEnd" id="{7da1e312-59fe-e611-80e5-005056947fe2}" />
      </MissingDependency>
      <MissingDependency>
        <Required key="22" type="2" schemaName="modifiedon" displayName="Modified On" parentSchemaName="gms_project" parentDisplayName="Contract" solution="Active" />
        <Dependent key="6" type="31" displayName="Application Evaluation Report" id="{952a321a-d5f1-e611-80e1-005056947fe2}" />
      </MissingDependency>
      <MissingDependency>
        <Required key="23" type="2" schemaName="modifiedon" displayName="Modified On" parentSchemaName="gms_fundingcall" parentDisplayName="Procurement" solution="Active" />
        <Dependent key="14" type="31" displayName="Portal User Application Report" id="{4b0f4f11-6f1b-e711-80e8-005056947fe2}" />
      </MissingDependency>
      <MissingDependency>
        <Required key="22" type="2" schemaName="modifiedon" displayName="Modified On" parentSchemaName="gms_project" parentDisplayName="Contract" solution="Active" />
        <Dependent key="14" type="31" displayName="Portal User Application Report" id="{4b0f4f11-6f1b-e711-80e8-005056947fe2}" />
      </MissingDependency>
      <MissingDependency>
        <Required key="22" type="2" schemaName="modifiedon" displayName="Modified On" parentSchemaName="gms_project" parentDisplayName="Contract" solution="Active" />
        <Dependent key="21" type="31" displayName="MPRA - Sch 1" id="{063925d2-2b62-e711-80dd-005056942393}" />
      </MissingDependency>
      <MissingDependency>
        <Required key="24" type="9" schemaName="reportcategory_categorycode" displayName="Category" solution="System" />
        <Dependent key="14" type="31" displayName="Portal User Application Report" id="{4b0f4f11-6f1b-e711-80e8-005056947fe2}" />
      </MissingDependency>
      <MissingDependency>
        <Required key="24" type="9" schemaName="reportcategory_categorycode" displayName="Category" solution="System" />
        <Dependent key="6" type="31" displayName="Application Evaluation Report" id="{952a321a-d5f1-e611-80e1-005056947fe2}" />
      </MissingDependency>
      <MissingDependency>
        <Required key="24" type="9" schemaName="reportcategory_categorycode" displayName="Category" solution="System" />
        <Dependent key="21" type="31" displayName="MPRA - Sch 1" id="{063925d2-2b62-e711-80dd-005056942393}" />
      </MissingDependency>
      <MissingDependency>
        <Required key="24" type="9" schemaName="reportcategory_categorycode" displayName="Category" solution="System" />
        <Dependent key="18" type="31" displayName="Application Evaluation Report_BackEnd" id="{7da1e312-59fe-e611-80e5-005056947fe2}" />
      </MissingDependency>
      <MissingDependency>
        <Required key="24" type="9" schemaName="reportcategory_categorycode" displayName="Category" solution="System" />
        <Dependent key="7" type="31" displayName="2016-2017 Sch 1" id="{df7066c4-4e8c-e611-80df-005056947b8d}" />
      </MissingDependency>
      <MissingDependency>
        <Required key="24" type="9" schemaName="reportcategory_categorycode" displayName="Category" solution="System" />
        <Dependent key="12" type="31" displayName="2017-2018 Sch 1" id="{d8bd8b10-96d9-e711-80df-005056942393}" />
      </MissingDependency>
      <MissingDependency>
        <Required key="25" type="20" displayName="GRDC - Member" solution="Active" id="{8d4bf92b-64c6-e511-80d3-005056947b8d}" />
        <Dependent key="19" type="60" displayName="Milestone Management Dashboard" id="{e671ff97-d1de-e511-80d4-005056947b8d}" />
      </MissingDependency>
      <MissingDependency>
        <Required key="26" type="20" displayName="GRDC - Executive Manager" solution="Active" id="{0315d837-64c6-e511-80d3-005056947b8d}" />
        <Dependent key="19" type="60" displayName="Milestone Management Dashboard" id="{e671ff97-d1de-e511-80d4-005056947b8d}" />
      </MissingDependency>
      <MissingDependency>
        <Required key="27" type="20" displayName="System Customizer" solution="System" id="{d418ba10-a95e-e511-80c5-005056947b8d}" parentId="{119f245c-3cc8-4b62-b31c-d1a046ced15d}" />
        <Dependent key="19" type="60" displayName="Milestone Management Dashboard" id="{e671ff97-d1de-e511-80d4-005056947b8d}" />
      </MissingDependency>
      <MissingDependency>
        <Required key="27" type="20" displayName="System Customizer" solution="System" id="{d418ba10-a95e-e511-80c5-005056947b8d}" parentId="{119f245c-3cc8-4b62-b31c-d1a046ced15d}" />
        <Dependent key="16" type="60" displayName="Budget Position Dashboard" id="{85667cf9-acdb-e611-80dd-005056947fe2}" />
      </MissingDependency>
      <MissingDependency>
        <Required key="25" type="20" displayName="GRDC - Member" solution="Active" id="{8d4bf92b-64c6-e511-80d3-005056947b8d}" />
        <Dependent key="13" type="60" displayName="Investment Throughput Dashboard" id="{86122fa4-addb-e611-80dd-005056947fe2}" />
      </MissingDependency>
      <MissingDependency>
        <Required key="28" type="20" displayName="Delegate" solution="System" id="{fd0cba10-a95e-e511-80c5-005056947b8d}" parentId="{d892cc0b-28c7-4e88-bd92-72f2c366baed}" />
        <Dependent key="16" type="60" displayName="Budget Position Dashboard" id="{85667cf9-acdb-e611-80dd-005056947fe2}" />
      </MissingDependency>
      <MissingDependency>
        <Required key="28" type="20" displayName="Delegate" solution="System" id="{fd0cba10-a95e-e511-80c5-005056947b8d}" parentId="{d892cc0b-28c7-4e88-bd92-72f2c366baed}" />
        <Dependent key="19" type="60" displayName="Milestone Management Dashboard" id="{e671ff97-d1de-e511-80d4-005056947b8d}" />
      </MissingDependency>
      <MissingDependency>
        <Required key="29" type="20" displayName="GRDC - Manager" solution="Active" id="{a0c7ec6a-6f58-e511-80c1-00155d000894}" />
        <Dependent key="19" type="60" displayName="Milestone Management Dashboard" id="{e671ff97-d1de-e511-80d4-005056947b8d}" />
      </MissingDependency>
      <MissingDependency>
        <Required key="29" type="20" displayName="GRDC - Manager" solution="Active" id="{a0c7ec6a-6f58-e511-80c1-00155d000894}" />
        <Dependent key="16" type="60" displayName="Budget Position Dashboard" id="{85667cf9-acdb-e611-80dd-005056947fe2}" />
      </MissingDependency>
      <MissingDependency>
        <Required key="25" type="20" displayName="GRDC - Member" solution="Active" id="{8d4bf92b-64c6-e511-80d3-005056947b8d}" />
        <Dependent key="16" type="60" displayName="Budget Position Dashboard" id="{85667cf9-acdb-e611-80dd-005056947fe2}" />
      </MissingDependency>
      <MissingDependency>
        <Required key="26" type="20" displayName="GRDC - Executive Manager" solution="Active" id="{0315d837-64c6-e511-80d3-005056947b8d}" />
        <Dependent key="16" type="60" displayName="Budget Position Dashboard" id="{85667cf9-acdb-e611-80dd-005056947fe2}" />
      </MissingDependency>
      <MissingDependency>
        <Required key="26" type="20" displayName="GRDC - Executive Manager" solution="Active" id="{0315d837-64c6-e511-80d3-005056947b8d}" />
        <Dependent key="13" type="60" displayName="Investment Throughput Dashboard" id="{86122fa4-addb-e611-80dd-005056947fe2}" />
      </MissingDependency>
      <MissingDependency>
        <Required key="27" type="20" displayName="System Customizer" solution="System" id="{d418ba10-a95e-e511-80c5-005056947b8d}" parentId="{119f245c-3cc8-4b62-b31c-d1a046ced15d}" />
        <Dependent key="13" type="60" displayName="Investment Throughput Dashboard" id="{86122fa4-addb-e611-80dd-005056947fe2}" />
      </MissingDependency>
      <MissingDependency>
        <Required key="29" type="20" displayName="GRDC - Manager" solution="Active" id="{a0c7ec6a-6f58-e511-80c1-00155d000894}" />
        <Dependent key="13" type="60" displayName="Investment Throughput Dashboard" id="{86122fa4-addb-e611-80dd-005056947fe2}" />
      </MissingDependency>
      <MissingDependency>
        <Required key="28" type="20" displayName="Delegate" solution="System" id="{fd0cba10-a95e-e511-80c5-005056947b8d}" parentId="{d892cc0b-28c7-4e88-bd92-72f2c366baed}" />
        <Dependent key="13" type="60" displayName="Investment Throughput Dashboard" id="{86122fa4-addb-e611-80dd-005056947fe2}" />
      </MissingDependency>
      <MissingDependency>
        <Required key="25" type="20" displayName="GRDC - Member" solution="Active" id="{8d4bf92b-64c6-e511-80d3-005056947b8d}" />
        <Dependent key="8" type="60" displayName="My Dashboard" id="{e2738860-724f-4e68-8db6-b2550cffe74c}" />
      </MissingDependency>
      <MissingDependency>
        <Required key="26" type="20" displayName="GRDC - Executive Manager" solution="Active" id="{0315d837-64c6-e511-80d3-005056947b8d}" />
        <Dependent key="8" type="60" displayName="My Dashboard" id="{e2738860-724f-4e68-8db6-b2550cffe74c}" />
      </MissingDependency>
      <MissingDependency>
        <Required key="27" type="20" displayName="System Customizer" solution="System" id="{d418ba10-a95e-e511-80c5-005056947b8d}" parentId="{119f245c-3cc8-4b62-b31c-d1a046ced15d}" />
        <Dependent key="8" type="60" displayName="My Dashboard" id="{e2738860-724f-4e68-8db6-b2550cffe74c}" />
      </MissingDependency>
      <MissingDependency>
        <Required key="29" type="20" displayName="GRDC - Manager" solution="Active" id="{a0c7ec6a-6f58-e511-80c1-00155d000894}" />
        <Dependent key="8" type="60" displayName="My Dashboard" id="{e2738860-724f-4e68-8db6-b2550cffe74c}" />
      </MissingDependency>
      <MissingDependency>
        <Required key="28" type="20" displayName="Delegate" solution="System" id="{fd0cba10-a95e-e511-80c5-005056947b8d}" parentId="{d892cc0b-28c7-4e88-bd92-72f2c366baed}" />
        <Dependent key="8" type="60" displayName="My Dashboard" id="{e2738860-724f-4e68-8db6-b2550cffe74c}" />
      </MissingDependency>
      <MissingDependency>
        <Required key="30" type="26" schemaName="Analyses I am Connected to" displayName="Analyses I am Connected to" parentSchemaName="ims_analysis" parentDisplayName="Analysis" solution="Active" id="{28cce916-d8f0-e711-80e5-005056942393}" />
        <Dependent key="8" type="60" displayName="My Dashboard" id="{e2738860-724f-4e68-8db6-b2550cffe74c}" />
      </MissingDependency>
      <MissingDependency>
        <Required key="31" type="26" schemaName="Variations My Reports and I are Accountable for" displayName="Variations My Reports and I are Accountable for" parentSchemaName="gms_projectchangerequest" parentDisplayName="Variation" solution="Active" id="{7efab31d-47e1-e711-80df-005056942393}" />
        <Dependent key="8" type="60" displayName="My Dashboard" id="{e2738860-724f-4e68-8db6-b2550cffe74c}" />
      </MissingDependency>
      <MissingDependency>
        <Required key="32" type="26" schemaName="Ideas My Reports and I are Accountable for" displayName="Ideas My Reports and I are Accountable for" parentSchemaName="ims_idea" parentDisplayName="Idea" solution="Active" id="{e71fed73-efd4-e711-80df-005056942393}" />
        <Dependent key="8" type="60" displayName="My Dashboard" id="{e2738860-724f-4e68-8db6-b2550cffe74c}" />
      </MissingDependency>
      <MissingDependency>
        <Required key="33" type="26" schemaName="Milestones My Reports and I are accountable for" displayName="Milestones My Reports and I are accountable for" parentSchemaName="gms_projectmilestonesummary" parentDisplayName="Contract Milestone Summary" solution="Active" id="{203985d9-bd0f-e811-80e8-005056949d70}" />
        <Dependent key="8" type="60" displayName="My Dashboard" id="{e2738860-724f-4e68-8db6-b2550cffe74c}" />
      </MissingDependency>
      <MissingDependency>
        <Required key="34" type="26" schemaName="Contracts I am Connected to" displayName="Contracts I am Connected to" parentSchemaName="gms_project" parentDisplayName="Contract" solution="Active" id="{afddf5c6-36e1-e711-80df-005056942393}" />
        <Dependent key="8" type="60" displayName="My Dashboard" id="{e2738860-724f-4e68-8db6-b2550cffe74c}" />
      </MissingDependency>
      <MissingDependency>
        <Required key="35" type="26" schemaName="Procurements I am Accountable for" displayName="Procurements I am Accountable for" parentSchemaName="gms_fundingcall" parentDisplayName="Procurement" solution="Active" id="{8f730bdc-eed4-e711-80df-005056942393}" />
        <Dependent key="8" type="60" displayName="My Dashboard" id="{e2738860-724f-4e68-8db6-b2550cffe74c}" />
      </MissingDependency>
      <MissingDependency>
        <Required key="36" type="26" schemaName="Milestones I am Connected to" displayName="Milestones I am Connected to" parentSchemaName="gms_projectmilestonesummary" parentDisplayName="Contract Milestone Summary" solution="Active" id="{17f57a85-bd0f-e811-80e8-005056949d70}" />
        <Dependent key="8" type="60" displayName="My Dashboard" id="{e2738860-724f-4e68-8db6-b2550cffe74c}" />
      </MissingDependency>
      <MissingDependency>
        <Required key="37" type="26" schemaName="Analyses Assigned to Me" displayName="Analyses Assigned to Me" parentSchemaName="ims_analysis" parentDisplayName="Analysis" solution="Active" id="{388003d4-9fe3-e711-80df-005056942393}" />
        <Dependent key="8" type="60" displayName="My Dashboard" id="{e2738860-724f-4e68-8db6-b2550cffe74c}" />
      </MissingDependency>
      <MissingDependency>
        <Required key="38" type="26" schemaName="Ideas Assigned to Me" displayName="Ideas Assigned to Me" parentSchemaName="ims_idea" parentDisplayName="Idea" solution="Active" id="{7326f752-0c35-e711-80e8-005056947fe2}" />
        <Dependent key="8" type="60" displayName="My Dashboard" id="{e2738860-724f-4e68-8db6-b2550cffe74c}" />
      </MissingDependency>
      <MissingDependency>
        <Required key="39" type="26" schemaName="Contracts Assigned to Me" displayName="Contracts Assigned to Me" parentSchemaName="gms_project" parentDisplayName="Contract" solution="Active" id="{e520f752-4235-e711-80e8-005056947fe2}" />
        <Dependent key="8" type="60" displayName="My Dashboard" id="{e2738860-724f-4e68-8db6-b2550cffe74c}" />
      </MissingDependency>
      <MissingDependency>
        <Required key="40" type="26" schemaName="Contracts My Reports and I are Accountable for" displayName="Contracts My Reports and I are Accountable for" parentSchemaName="gms_project" parentDisplayName="Contract" solution="Active" id="{f2040e4b-43b8-e711-80df-005056942393}" />
        <Dependent key="8" type="60" displayName="My Dashboard" id="{e2738860-724f-4e68-8db6-b2550cffe74c}" />
      </MissingDependency>
      <MissingDependency>
        <Required key="41" type="26" schemaName="Ideas I am Connected to" displayName="Ideas I am Connected to" parentSchemaName="ims_idea" parentDisplayName="Idea" solution="Active" id="{748b62cf-81e0-e711-80df-005056942393}" />
        <Dependent key="8" type="60" displayName="My Dashboard" id="{e2738860-724f-4e68-8db6-b2550cffe74c}" />
      </MissingDependency>
      <MissingDependency>
        <Required key="42" type="26" schemaName="Procurements Relevant To Me" displayName="Procurements Relevant To Me" parentSchemaName="gms_fundingcall" parentDisplayName="Procurement" solution="Active" id="{7a4e89d7-1035-e711-80e8-005056947fe2}" />
        <Dependent key="8" type="60" displayName="My Dashboard" id="{e2738860-724f-4e68-8db6-b2550cffe74c}" />
      </MissingDependency>
      <MissingDependency>
        <Required key="43" type="26" schemaName="Milestones Relevant to Me" displayName="Milestones Relevant to Me" parentSchemaName="gms_projectmilestonesummary" parentDisplayName="Contract Milestone Summary" solution="Active" id="{7a924216-be0f-e811-80e8-005056949d70}" />
        <Dependent key="8" type="60" displayName="My Dashboard" id="{e2738860-724f-4e68-8db6-b2550cffe74c}" />
      </MissingDependency>
      <MissingDependency>
        <Required key="44" type="26" schemaName="Analyses My Reports and I are Accountable for" displayName="Analyses My Reports and I are Accountable for" parentSchemaName="ims_analysis" parentDisplayName="Analysis" solution="Active" id="{31b6aba6-d7f0-e711-80e5-005056942393}" />
        <Dependent key="8" type="60" displayName="My Dashboard" id="{e2738860-724f-4e68-8db6-b2550cffe74c}" />
      </MissingDependency>
      <MissingDependency>
        <Required key="45" type="26" schemaName="Contracts I am Accountable for" displayName="Contracts I am Accountable for" parentSchemaName="gms_project" parentDisplayName="Contract" solution="Active" id="{a82fe0ad-79b8-e711-80df-005056942393}" />
        <Dependent key="8" type="60" displayName="My Dashboard" id="{e2738860-724f-4e68-8db6-b2550cffe74c}" />
      </MissingDependency>
      <MissingDependency>
        <Required key="46" type="26" schemaName="Milestones Assigned To Me" displayName="Milestones Assigned To Me" parentSchemaName="gms_projectmilestonesummary" parentDisplayName="Contract Milestone Summary" solution="Active" id="{3b9d9d7a-bc0f-e811-80e8-005056949d70}" />
        <Dependent key="8" type="60" displayName="My Dashboard" id="{e2738860-724f-4e68-8db6-b2550cffe74c}" />
      </MissingDependency>
      <MissingDependency>
        <Required key="47" type="26" schemaName="Procurements Assigned to Me" displayName="Procurements Assigned to Me" parentSchemaName="gms_fundingcall" parentDisplayName="Procurement" solution="Active" id="{a270021b-1135-e711-80e8-005056947fe2}" />
        <Dependent key="8" type="60" displayName="My Dashboard" id="{e2738860-724f-4e68-8db6-b2550cffe74c}" />
      </MissingDependency>
      <MissingDependency>
        <Required key="48" type="26" schemaName="Variations Assigned to Me" displayName="Variations Assigned to Me" parentSchemaName="gms_projectchangerequest" parentDisplayName="Variation" solution="Active" id="{becf0602-5810-e711-80e8-005056947fe2}" />
        <Dependent key="8" type="60" displayName="My Dashboard" id="{e2738860-724f-4e68-8db6-b2550cffe74c}" />
      </MissingDependency>
      <MissingDependency>
        <Required key="49" type="26" schemaName="Procurements I am Connected to" displayName="Procurements I am Connected to" parentSchemaName="gms_fundingcall" parentDisplayName="Procurement" solution="Active" id="{c72c2343-93e0-e711-80df-005056942393}" />
        <Dependent key="8" type="60" displayName="My Dashboard" id="{e2738860-724f-4e68-8db6-b2550cffe74c}" />
      </MissingDependency>
      <MissingDependency>
        <Required key="50" type="26" schemaName="Procurements My Reports and I are Accountable for" displayName="Procurements My Reports and I are Accountable for" parentSchemaName="gms_fundingcall" parentDisplayName="Procurement" solution="Active" id="{44bbd13a-f1d4-e711-80df-005056942393}" />
        <Dependent key="8" type="60" displayName="My Dashboard" id="{e2738860-724f-4e68-8db6-b2550cffe74c}" />
      </MissingDependency>
      <MissingDependency>
        <Required key="51" type="26" schemaName="Analyses Relevant to Me" displayName="Analyses Relevant to Me" parentSchemaName="ims_analysis" parentDisplayName="Analysis" solution="Active" id="{ea70f7cc-d7f0-e711-80e5-005056942393}" />
        <Dependent key="8" type="60" displayName="My Dashboard" id="{e2738860-724f-4e68-8db6-b2550cffe74c}" />
      </MissingDependency>
      <MissingDependency>
        <Required key="52" type="26" schemaName="Contracts Relevant To Me" displayName="Contracts Relevant To Me" parentSchemaName="gms_project" parentDisplayName="Contract" solution="Active" id="{ad62f4a2-4135-e711-80e8-005056947fe2}" />
        <Dependent key="8" type="60" displayName="My Dashboard" id="{e2738860-724f-4e68-8db6-b2550cffe74c}" />
      </MissingDependency>
      <MissingDependency>
        <Required key="53" type="26" schemaName="Milestones I am Accountable for" displayName="Milestones I am Accountable for" parentSchemaName="gms_projectmilestonesummary" parentDisplayName="Contract Milestone Summary" solution="Active" id="{c8a500f4-bc0f-e811-80e8-005056949d70}" />
        <Dependent key="8" type="60" displayName="My Dashboard" id="{e2738860-724f-4e68-8db6-b2550cffe74c}" />
      </MissingDependency>
      <MissingDependency>
        <Required key="54" type="26" schemaName="Ideas I am Accountable for" displayName="Ideas I am Accountable for" parentSchemaName="ims_idea" parentDisplayName="Idea" solution="Active" id="{100811ac-edd4-e711-80df-005056942393}" />
        <Dependent key="8" type="60" displayName="My Dashboard" id="{e2738860-724f-4e68-8db6-b2550cffe74c}" />
      </MissingDependency>
      <MissingDependency>
        <Required key="55" type="26" schemaName="Analyses I am Accountable for" displayName="Analyses I am Accountable for" parentSchemaName="ims_analysis" parentDisplayName="Analysis" solution="Active" id="{014c3080-d7f0-e711-80e5-005056942393}" />
        <Dependent key="8" type="60" displayName="My Dashboard" id="{e2738860-724f-4e68-8db6-b2550cffe74c}" />
      </MissingDependency>
      <MissingDependency>
        <Required key="56" type="26" schemaName="Variations Relevant to Me" displayName="Variations Relevant to Me" parentSchemaName="gms_projectchangerequest" parentDisplayName="Variation" solution="Active" id="{b1b40bf6-45e1-e711-80df-005056942393}" />
        <Dependent key="8" type="60" displayName="My Dashboard" id="{e2738860-724f-4e68-8db6-b2550cffe74c}" />
      </MissingDependency>
      <MissingDependency>
        <Required key="57" type="26" schemaName="Ideas Relevant To Me" displayName="Ideas Relevant To Me" parentSchemaName="ims_idea" parentDisplayName="Idea" solution="Active" id="{ef53de03-0c35-e711-80e8-005056947fe2}" />
        <Dependent key="8" type="60" displayName="My Dashboard" id="{e2738860-724f-4e68-8db6-b2550cffe74c}" />
      </MissingDependency>
      <MissingDependency>
        <Required key="58" type="26" schemaName="Variations I am Connected to" displayName="Variations I am Connected to" parentSchemaName="gms_projectchangerequest" parentDisplayName="Variation" solution="Active" id="{191e5b70-46e1-e711-80df-005056942393}" />
        <Dependent key="8" type="60" displayName="My Dashboard" id="{e2738860-724f-4e68-8db6-b2550cffe74c}" />
      </MissingDependency>
      <MissingDependency>
        <Required key="59" type="26" schemaName="Variations I am Accountable for" displayName="Variations I am Accountable for" parentSchemaName="gms_projectchangerequest" parentDisplayName="Variation" solution="Active" id="{68ef4d98-45e1-e711-80df-005056942393}" />
        <Dependent key="8" type="60" displayName="My Dashboard" id="{e2738860-724f-4e68-8db6-b2550cffe74c}" />
      </MissingDependency>
      <MissingDependency>
        <Required key="60" type="26" schemaName="Upcoming Milestones (30 days) I am Accountable for" displayName="Upcoming Milestones (30 days) I am Accountable for" parentSchemaName="gms_projectmilestonesummary" parentDisplayName="Contract Milestone Summary" solution="Active" id="{a0b3398b-11d4-e711-80df-005056942393}" />
        <Dependent key="1" type="60" displayName="Workload Tracking Dashboard" id="{aca991c9-4b35-e711-80e8-005056947fe2}" />
      </MissingDependency>
      <MissingDependency>
        <Required key="56" type="26" schemaName="Variations Relevant to Me" displayName="Variations Relevant to Me" parentSchemaName="gms_projectchangerequest" parentDisplayName="Variation" solution="Active" id="{b1b40bf6-45e1-e711-80df-005056942393}" />
        <Dependent key="1" type="60" displayName="Workload Tracking Dashboard" id="{aca991c9-4b35-e711-80e8-005056947fe2}" />
      </MissingDependency>
      <MissingDependency>
        <Required key="61" type="26" schemaName="Unevaluated Milestone Reports my Reports and I are Accountable for" displayName="Unevaluated Milestone Reports my Reports and I are Accountable for" parentSchemaName="gms_projectmilestonereport" parentDisplayName="Contract Milestone Report" solution="Active" id="{0ac0f3aa-14d4-e711-80df-005056942393}" />
        <Dependent key="1" type="60" displayName="Workload Tracking Dashboard" id="{aca991c9-4b35-e711-80e8-005056947fe2}" />
      </MissingDependency>
      <MissingDependency>
        <Required key="62" type="26" schemaName="Overdue Milestones My Reports and I are Accountable fo" displayName="Overdue Milestones My Reports and I are Accountable fo" parentSchemaName="gms_projectmilestonesummary" parentDisplayName="Contract Milestone Summary" solution="Active" id="{7d7f8aee-10d4-e711-80df-005056942393}" />
        <Dependent key="1" type="60" displayName="Workload Tracking Dashboard" id="{aca991c9-4b35-e711-80e8-005056947fe2}" />
      </MissingDependency>
      <MissingDependency>
        <Required key="63" type="26" schemaName="Overdue Milestones I am Connected to" displayName="Overdue Milestones I am Connected to" parentSchemaName="gms_projectmilestonesummary" parentDisplayName="Contract Milestone Summary" solution="Active" id="{ce798de7-3de1-e711-80df-005056942393}" />
        <Dependent key="1" type="60" displayName="Workload Tracking Dashboard" id="{aca991c9-4b35-e711-80e8-005056947fe2}" />
      </MissingDependency>
      <MissingDependency>
        <Required key="64" type="26" schemaName="Upcoming Milestones (30 days) I am Connected to" displayName="Upcoming Milestones (30 days) I am Connected to" parentSchemaName="gms_projectmilestonesummary" parentDisplayName="Contract Milestone Summary" solution="Active" id="{a315a817-3fe1-e711-80df-005056942393}" />
        <Dependent key="1" type="60" displayName="Workload Tracking Dashboard" id="{aca991c9-4b35-e711-80e8-005056947fe2}" />
      </MissingDependency>
      <MissingDependency>
        <Required key="65" type="26" schemaName="Upcoming Milestones (30 days) My Reports and I are Accountable for" displayName="Upcoming Milestones (30 days) My Reports and I are Accountable for" parentSchemaName="gms_projectmilestonesummary" parentDisplayName="Contract Milestone Summary" solution="Active" id="{7a808ad8-11d4-e711-80df-005056942393}" />
        <Dependent key="1" type="60" displayName="Workload Tracking Dashboard" id="{aca991c9-4b35-e711-80e8-005056947fe2}" />
      </MissingDependency>
      <MissingDependency>
        <Required key="59" type="26" schemaName="Variations I am Accountable for" displayName="Variations I am Accountable for" parentSchemaName="gms_projectchangerequest" parentDisplayName="Variation" solution="Active" id="{68ef4d98-45e1-e711-80df-005056942393}" />
        <Dependent key="1" type="60" displayName="Workload Tracking Dashboard" id="{aca991c9-4b35-e711-80e8-005056947fe2}" />
      </MissingDependency>
      <MissingDependency>
        <Required key="66" type="26" schemaName="Finalised Alerts" displayName="Finalised Alerts" parentSchemaName="ims_alert" parentDisplayName="Alert" solution="Active" id="{4f6941ec-d909-e711-80e8-005056947fe2}" />
        <Dependent key="1" type="60" displayName="Workload Tracking Dashboard" id="{aca991c9-4b35-e711-80e8-005056947fe2}" />
      </MissingDependency>
      <MissingDependency>
        <Required key="31" type="26" schemaName="Variations My Reports and I are Accountable for" displayName="Variations My Reports and I are Accountable for" parentSchemaName="gms_projectchangerequest" parentDisplayName="Variation" solution="Active" id="{7efab31d-47e1-e711-80df-005056942393}" />
        <Dependent key="1" type="60" displayName="Workload Tracking Dashboard" id="{aca991c9-4b35-e711-80e8-005056947fe2}" />
      </MissingDependency>
      <MissingDependency>
        <Required key="67" type="26" schemaName="Upcoming Milestones (30 Days) Assigned to Me" displayName="Upcoming Milestones (30 Days) Assigned to Me" parentSchemaName="gms_projectmilestonesummary" parentDisplayName="Contract Milestone Summary" solution="Active" id="{e7e3dbde-80e7-e611-80dd-005056947fe2}" />
        <Dependent key="1" type="60" displayName="Workload Tracking Dashboard" id="{aca991c9-4b35-e711-80e8-005056947fe2}" />
      </MissingDependency>
      <MissingDependency>
        <Required key="68" type="26" schemaName="Unevaluated Milestone Reports I am Connected to" displayName="Unevaluated Milestone Reports I am Connected to" parentSchemaName="gms_projectmilestonereport" parentDisplayName="Contract Milestone Report" solution="Active" id="{6cbe784b-43e1-e711-80df-005056942393}" />
        <Dependent key="1" type="60" displayName="Workload Tracking Dashboard" id="{aca991c9-4b35-e711-80e8-005056947fe2}" />
      </MissingDependency>
      <MissingDependency>
        <Required key="69" type="26" schemaName="Overdue Milestones Assigned to Me" displayName="Overdue Milestones Assigned to Me" parentSchemaName="gms_projectmilestonesummary" parentDisplayName="Contract Milestone Summary" solution="Active" id="{a2f94e93-d8d7-e611-80dc-005056947fe2}" />
        <Dependent key="1" type="60" displayName="Workload Tracking Dashboard" id="{aca991c9-4b35-e711-80e8-005056947fe2}" />
      </MissingDependency>
      <MissingDependency>
        <Required key="70" type="26" schemaName="Unevaluated Milestone Reports I am Accountable for" displayName="Unevaluated Milestone Reports I am Accountable for" parentSchemaName="gms_projectmilestonereport" parentDisplayName="Contract Milestone Report" solution="Active" id="{e51cb278-12d4-e711-80df-005056942393}" />
        <Dependent key="1" type="60" displayName="Workload Tracking Dashboard" id="{aca991c9-4b35-e711-80e8-005056947fe2}" />
      </MissingDependency>
      <MissingDependency>
        <Required key="71" type="26" schemaName="Alerts I Have Created" displayName="Alerts I Have Created" parentSchemaName="ims_alert" parentDisplayName="Alert" solution="Active" id="{4b96ed4e-67fa-e611-80e5-005056947fe2}" />
        <Dependent key="1" type="60" displayName="Workload Tracking Dashboard" id="{aca991c9-4b35-e711-80e8-005056947fe2}" />
      </MissingDependency>
      <MissingDependency>
        <Required key="58" type="26" schemaName="Variations I am Connected to" displayName="Variations I am Connected to" parentSchemaName="gms_projectchangerequest" parentDisplayName="Variation" solution="Active" id="{191e5b70-46e1-e711-80df-005056942393}" />
        <Dependent key="1" type="60" displayName="Workload Tracking Dashboard" id="{aca991c9-4b35-e711-80e8-005056947fe2}" />
      </MissingDependency>
      <MissingDependency>
        <Required key="48" type="26" schemaName="Variations Assigned to Me" displayName="Variations Assigned to Me" parentSchemaName="gms_projectchangerequest" parentDisplayName="Variation" solution="Active" id="{becf0602-5810-e711-80e8-005056947fe2}" />
        <Dependent key="1" type="60" displayName="Workload Tracking Dashboard" id="{aca991c9-4b35-e711-80e8-005056947fe2}" />
      </MissingDependency>
      <MissingDependency>
        <Required key="72" type="26" schemaName="Unevaluated Milestone Reports Assigned to Me" displayName="Unevaluated Milestone Reports Assigned to Me" parentSchemaName="gms_projectmilestonereport" parentDisplayName="Contract Milestone Report" solution="Active" id="{145d6304-f92a-e711-80e8-005056947fe2}" />
        <Dependent key="1" type="60" displayName="Workload Tracking Dashboard" id="{aca991c9-4b35-e711-80e8-005056947fe2}" />
      </MissingDependency>
      <MissingDependency>
        <Required key="73" type="26" schemaName="Overdue Milestones I am Accountable for" displayName="Overdue Milestones I am Accountable for" parentSchemaName="gms_projectmilestonesummary" parentDisplayName="Contract Milestone Summary" solution="Active" id="{596a89a6-10d4-e711-80df-005056942393}" />
        <Dependent key="1" type="60" displayName="Workload Tracking Dashboard" id="{aca991c9-4b35-e711-80e8-005056947fe2}" />
      </MissingDependency>
      <MissingDependency>
        <Required key="74" type="26" schemaName="Alerts To Action" displayName="Alerts To Action" parentSchemaName="ims_alert" parentDisplayName="Alert" solution="Active" id="{c325d875-67fa-e611-80e5-005056947fe2}" />
        <Dependent key="1" type="60" displayName="Workload Tracking Dashboard" id="{aca991c9-4b35-e711-80e8-005056947fe2}" />
      </MissingDependency>
      <MissingDependency>
        <Required key="75" type="26" schemaName="Procurement Investment Throughput" displayName="Procurement Investment Throughput" parentSchemaName="gms_fundingcall" parentDisplayName="Procurement" solution="Active" id="{80f4ed72-3fdc-e611-80dd-005056947fe2}" />
        <Dependent key="13" type="60" displayName="Investment Throughput Dashboard" id="{86122fa4-addb-e611-80dd-005056947fe2}" />
      </MissingDependency>
      <MissingDependency>
        <Required key="76" type="26" schemaName="Current Contracts" displayName="Current Contracts" parentSchemaName="gms_project" parentDisplayName="Contract" solution="Active" id="{f0be7a2a-45dc-e611-80dd-005056947fe2}" />
        <Dependent key="13" type="60" displayName="Investment Throughput Dashboard" id="{86122fa4-addb-e611-80dd-005056947fe2}" />
      </MissingDependency>
      <MissingDependency>
        <Required key="77" type="26" schemaName="Active Analyses" displayName="Active Analyses" parentSchemaName="ims_analysis" parentDisplayName="Analysis" solution="Active" id="{12214e5d-96e3-436f-9ae6-61900126c812}" />
        <Dependent key="13" type="60" displayName="Investment Throughput Dashboard" id="{86122fa4-addb-e611-80dd-005056947fe2}" />
      </MissingDependency>
      <MissingDependency>
        <Required key="78" type="26" schemaName="Active Contracts" displayName="Active Contracts" parentSchemaName="gms_project" parentDisplayName="Contract" solution="Active" id="{e1c69289-ef5a-48b2-bd05-12f8dc4d896f}" />
        <Dependent key="13" type="60" displayName="Investment Throughput Dashboard" id="{86122fa4-addb-e611-80dd-005056947fe2}" />
      </MissingDependency>
      <MissingDependency>
        <Required key="79" type="26" schemaName="Active Ideas" displayName="Active Ideas" parentSchemaName="ims_idea" parentDisplayName="Idea" solution="Active" id="{921770b6-b6d8-49a8-b592-c61be73a2c1c}" />
        <Dependent key="13" type="60" displayName="Investment Throughput Dashboard" id="{86122fa4-addb-e611-80dd-005056947fe2}" />
      </MissingDependency>
      <MissingDependency>
        <Required key="80" type="26" schemaName="Records My Reports and I are Accountable for" displayName="Records My Reports and I are Accountable for" parentSchemaName="connection" parentDisplayName="Connection" solution="Active" id="{bdd5fa6d-20d4-e711-80df-005056942393}" />
        <Dependent key="81" type="60" displayName="Records I Am Connected To" id="{f766abdb-f714-e711-80e8-005056947fe2}" />
      </MissingDependency>
      <MissingDependency>
        <Required key="82" type="26" schemaName="Records Relevant To Me" displayName="Records Relevant To Me" parentSchemaName="connection" parentDisplayName="Connection" solution="Active" id="{eeb0d2be-e714-e711-80e8-005056947fe2}" />
        <Dependent key="81" type="60" displayName="Records I Am Connected To" id="{f766abdb-f714-e711-80e8-005056947fe2}" />
      </MissingDependency>
      <MissingDependency>
        <Required key="83" type="26" schemaName="Records I am Connected to" displayName="Records I am Connected to" parentSchemaName="connection" parentDisplayName="Connection" solution="Active" id="{3b17f278-e714-e711-80e8-005056947fe2}" />
        <Dependent key="81" type="60" displayName="Records I Am Connected To" id="{f766abdb-f714-e711-80e8-005056947fe2}" />
      </MissingDependency>
      <MissingDependency>
        <Required key="84" type="26" schemaName="Records Assigned to Me" displayName="Records Assigned to Me" parentSchemaName="connection" parentDisplayName="Connection" solution="Active" id="{b32a25fb-e714-e711-80e8-005056947fe2}" />
        <Dependent key="81" type="60" displayName="Records I Am Connected To" id="{f766abdb-f714-e711-80e8-005056947fe2}" />
      </MissingDependency>
      <MissingDependency>
        <Required key="85" type="26" schemaName="Records I am Accountable for" displayName="Records I am Accountable for" parentSchemaName="connection" parentDisplayName="Connection" solution="Active" id="{b2ff8cb4-1fd4-e711-80df-005056942393}" />
        <Dependent key="81" type="60" displayName="Records I Am Connected To" id="{f766abdb-f714-e711-80e8-005056947fe2}" />
      </MissingDependency>
      <MissingDependency>
        <Required key="86" type="26" schemaName="Analyses Pipeline" displayName="Analyses Pipeline" parentSchemaName="ims_analysis" parentDisplayName="Analysis" solution="Active" id="{8c653769-e4df-e711-80df-005056942393}" />
        <Dependent key="13" type="60" displayName="Investment Throughput Dashboard" id="{86122fa4-addb-e611-80dd-005056947fe2}" />
      </MissingDependency>
      <MissingDependency>
        <Required key="87" type="26" schemaName="Active Procurements" displayName="Active Procurements" parentSchemaName="gms_fundingcall" parentDisplayName="Procurement" solution="Active" id="{a28bf3c1-3335-4f37-baeb-8b668007baa0}" />
        <Dependent key="13" type="60" displayName="Investment Throughput Dashboard" id="{86122fa4-addb-e611-80dd-005056947fe2}" />
      </MissingDependency>
      <MissingDependency>
        <Required key="88" type="26" schemaName="Completed Contracts" displayName="Completed Contracts" parentSchemaName="gms_project" parentDisplayName="Contract" solution="Active" id="{8ff2bad3-4bdc-e611-80dd-005056947fe2}" />
        <Dependent key="13" type="60" displayName="Investment Throughput Dashboard" id="{86122fa4-addb-e611-80dd-005056947fe2}" />
      </MissingDependency>
      <MissingDependency>
        <Required key="89" type="26" schemaName="Ideas Pipeline" displayName="Ideas Pipeline" parentSchemaName="ims_idea" parentDisplayName="Idea" solution="Active" id="{04f1127a-a3db-e611-80dd-005056947fe2}" />
        <Dependent key="13" type="60" displayName="Investment Throughput Dashboard" id="{86122fa4-addb-e611-80dd-005056947fe2}" />
      </MissingDependency>
      <MissingDependency>
        <Required key="90" type="26" schemaName="Procured Investment Throughput" displayName="Procured Investment Throughput" parentSchemaName="gms_project" parentDisplayName="Contract" solution="Active" id="{beb0e42d-46dc-e611-80dd-005056947fe2}" />
        <Dependent key="13" type="60" displayName="Investment Throughput Dashboard" id="{86122fa4-addb-e611-80dd-005056947fe2}" />
      </MissingDependency>
      <MissingDependency>
        <Required key="91" type="26" schemaName="Procuring for All Financial Years" displayName="Procuring for All Financial Years" parentSchemaName="gms_fundingcallbudgetline" parentDisplayName="Procurement Budget Line" solution="Active" id="{e524fa5d-3ddd-e611-80dd-005056947fe2}" />
        <Dependent key="16" type="60" displayName="Budget Position Dashboard" id="{85667cf9-acdb-e611-80dd-005056947fe2}" />
      </MissingDependency>
      <MissingDependency>
        <Required key="92" type="26" schemaName="Contracted in All Financial Years" displayName="Contracted in All Financial Years" parentSchemaName="gms_projectmilestonesummary" parentDisplayName="Contract Milestone Summary" solution="Active" id="{980505fd-3add-e611-80dd-005056947fe2}" />
        <Dependent key="16" type="60" displayName="Budget Position Dashboard" id="{85667cf9-acdb-e611-80dd-005056947fe2}" />
      </MissingDependency>
      <MissingDependency>
        <Required key="93" type="26" schemaName="Budgeted for All Financial Years" displayName="Budgeted for All Financial Years" parentSchemaName="gms_sipbudgetline" parentDisplayName="SIP Budget Line" solution="Active" id="{1c8b3930-3edd-e611-80dd-005056947fe2}" />
        <Dependent key="16" type="60" displayName="Budget Position Dashboard" id="{85667cf9-acdb-e611-80dd-005056947fe2}" />
      </MissingDependency>
      <MissingDependency>
        <Required key="94" type="26" schemaName="Procuring for Forward Financial Years" displayName="Procuring for Forward Financial Years" parentSchemaName="gms_fundingcallbudgetline" parentDisplayName="Procurement Budget Line" solution="Active" id="{54101560-f5dd-e611-80dd-005056947fe2}" />
        <Dependent key="16" type="60" displayName="Budget Position Dashboard" id="{85667cf9-acdb-e611-80dd-005056947fe2}" />
      </MissingDependency>
      <MissingDependency>
        <Required key="95" type="26" schemaName="Procured for All Financial Years" displayName="Procured for All Financial Years" parentSchemaName="gms_projectmilestonesummary" parentDisplayName="Contract Milestone Summary" solution="Active" id="{6ebb30c4-3bdd-e611-80dd-005056947fe2}" />
        <Dependent key="16" type="60" displayName="Budget Position Dashboard" id="{85667cf9-acdb-e611-80dd-005056947fe2}" />
      </MissingDependency>
      <MissingDependency>
        <Required key="96" type="26" schemaName="Procured in Forward Financial Years" displayName="Procured in Forward Financial Years" parentSchemaName="gms_projectmilestonesummary" parentDisplayName="Contract Milestone Summary" solution="Active" id="{7aff9d19-fbdd-e611-80dd-005056947fe2}" />
        <Dependent key="16" type="60" displayName="Budget Position Dashboard" id="{85667cf9-acdb-e611-80dd-005056947fe2}" />
      </MissingDependency>
      <MissingDependency>
        <Required key="97" type="26" schemaName="Paid Milestones in All Financial Years" displayName="Paid Milestones in All Financial Years" parentSchemaName="gms_projectmilestonesummary" parentDisplayName="Contract Milestone Summary" solution="Active" id="{a23b228d-3bdd-e611-80dd-005056947fe2}" />
        <Dependent key="16" type="60" displayName="Budget Position Dashboard" id="{85667cf9-acdb-e611-80dd-005056947fe2}" />
      </MissingDependency>
      <MissingDependency>
        <Required key="98" type="26" schemaName="Procured in Current Financial Year" displayName="Procured in Current Financial Year" parentSchemaName="gms_projectmilestonesummary" parentDisplayName="Contract Milestone Summary" solution="Active" id="{6a557636-8fdc-e611-80dd-005056947fe2}" />
        <Dependent key="16" type="60" displayName="Budget Position Dashboard" id="{85667cf9-acdb-e611-80dd-005056947fe2}" />
      </MissingDependency>
      <MissingDependency>
        <Required key="99" type="26" schemaName="Budgeted for Current Financial Year" displayName="Budgeted for Current Financial Year" parentSchemaName="gms_sipbudgetline" parentDisplayName="SIP Budget Line" solution="Active" id="{06099860-b0db-e611-80dd-005056947fe2}" />
        <Dependent key="16" type="60" displayName="Budget Position Dashboard" id="{85667cf9-acdb-e611-80dd-005056947fe2}" />
      </MissingDependency>
      <MissingDependency>
        <Required key="100" type="26" schemaName="Contracted in Current Financial Year" displayName="Contracted in Current Financial Year" parentSchemaName="gms_projectmilestonesummary" parentDisplayName="Contract Milestone Summary" solution="Active" id="{fa324360-92dc-e611-80dd-005056947fe2}" />
        <Dependent key="16" type="60" displayName="Budget Position Dashboard" id="{85667cf9-acdb-e611-80dd-005056947fe2}" />
      </MissingDependency>
      <MissingDependency>
        <Required key="101" type="26" schemaName="Procuring for Current Financial Year" displayName="Procuring for Current Financial Year" parentSchemaName="gms_fundingcallbudgetline" parentDisplayName="Procurement Budget Line" solution="Active" id="{a5870825-87dc-e611-80dd-005056947fe2}" />
        <Dependent key="16" type="60" displayName="Budget Position Dashboard" id="{85667cf9-acdb-e611-80dd-005056947fe2}" />
      </MissingDependency>
      <MissingDependency>
        <Required key="102" type="26" schemaName="Paid Milestones in Current Financial Year" displayName="Paid Milestones in Current Financial Year" parentSchemaName="gms_projectmilestonesummary" parentDisplayName="Contract Milestone Summary" solution="Active" id="{03bd28d5-92dc-e611-80dd-005056947fe2}" />
        <Dependent key="16" type="60" displayName="Budget Position Dashboard" id="{85667cf9-acdb-e611-80dd-005056947fe2}" />
      </MissingDependency>
      <MissingDependency>
        <Required key="103" type="26" schemaName="Budgeted for Forward Financial Years" displayName="Budgeted for Forward Financial Years" parentSchemaName="gms_sipbudgetline" parentDisplayName="SIP Budget Line" solution="Active" id="{93cfd1bf-d9dd-e611-80dd-005056947fe2}" />
        <Dependent key="16" type="60" displayName="Budget Position Dashboard" id="{85667cf9-acdb-e611-80dd-005056947fe2}" />
      </MissingDependency>
      <MissingDependency>
        <Required key="69" type="26" schemaName="Overdue Milestones Assigned to Me" displayName="Overdue Milestones Assigned to Me" parentSchemaName="gms_projectmilestonesummary" parentDisplayName="Contract Milestone Summary" solution="Active" id="{a2f94e93-d8d7-e611-80dc-005056947fe2}" />
        <Dependent key="19" type="60" displayName="Milestone Management Dashboard" id="{e671ff97-d1de-e511-80d4-005056947b8d}" />
      </MissingDependency>
      <MissingDependency>
        <Required key="104" type="26" schemaName="Upcoming Milestones (3 Months)" displayName="Upcoming Milestones (3 Months)" parentSchemaName="gms_projectmilestonesummary" parentDisplayName="Contract Milestone Summary" solution="Active" id="{a743d7e0-ade6-e611-80dd-005056947fe2}" />
        <Dependent key="19" type="60" displayName="Milestone Management Dashboard" id="{e671ff97-d1de-e511-80d4-005056947b8d}" />
      </MissingDependency>
      <MissingDependency>
        <Required key="65" type="26" schemaName="Upcoming Milestones (30 days) My Reports and I are Accountable for" displayName="Upcoming Milestones (30 days) My Reports and I are Accountable for" parentSchemaName="gms_projectmilestonesummary" parentDisplayName="Contract Milestone Summary" solution="Active" id="{7a808ad8-11d4-e711-80df-005056942393}" />
        <Dependent key="19" type="60" displayName="Milestone Management Dashboard" id="{e671ff97-d1de-e511-80d4-005056947b8d}" />
      </MissingDependency>
      <MissingDependency>
        <Required key="73" type="26" schemaName="Overdue Milestones I am Accountable for" displayName="Overdue Milestones I am Accountable for" parentSchemaName="gms_projectmilestonesummary" parentDisplayName="Contract Milestone Summary" solution="Active" id="{596a89a6-10d4-e711-80df-005056942393}" />
        <Dependent key="19" type="60" displayName="Milestone Management Dashboard" id="{e671ff97-d1de-e511-80d4-005056947b8d}" />
      </MissingDependency>
      <MissingDependency>
        <Required key="63" type="26" schemaName="Overdue Milestones I am Connected to" displayName="Overdue Milestones I am Connected to" parentSchemaName="gms_projectmilestonesummary" parentDisplayName="Contract Milestone Summary" solution="Active" id="{ce798de7-3de1-e711-80df-005056942393}" />
        <Dependent key="19" type="60" displayName="Milestone Management Dashboard" id="{e671ff97-d1de-e511-80d4-005056947b8d}" />
      </MissingDependency>
      <MissingDependency>
        <Required key="105" type="26" schemaName="Overdue Milestones" displayName="Overdue Milestones" parentSchemaName="gms_projectmilestonesummary" parentDisplayName="Contract Milestone Summary" solution="Active" id="{90ec107c-55e4-e611-80dd-005056947fe2}" />
        <Dependent key="19" type="60" displayName="Milestone Management Dashboard" id="{e671ff97-d1de-e511-80d4-005056947b8d}" />
      </MissingDependency>
      <MissingDependency>
        <Required key="106" type="26" schemaName="Upcoming Milestones (30 Days)" displayName="Upcoming Milestones (30 Days)" parentSchemaName="gms_projectmilestonesummary" parentDisplayName="Contract Milestone Summary" solution="Active" id="{3c72bb28-e1e6-e611-80dd-005056947fe2}" />
        <Dependent key="19" type="60" displayName="Milestone Management Dashboard" id="{e671ff97-d1de-e511-80d4-005056947b8d}" />
      </MissingDependency>
      <MissingDependency>
        <Required key="62" type="26" schemaName="Overdue Milestones My Reports and I are Accountable fo" displayName="Overdue Milestones My Reports and I are Accountable fo" parentSchemaName="gms_projectmilestonesummary" parentDisplayName="Contract Milestone Summary" solution="Active" id="{7d7f8aee-10d4-e711-80df-005056942393}" />
        <Dependent key="19" type="60" displayName="Milestone Management Dashboard" id="{e671ff97-d1de-e511-80d4-005056947b8d}" />
      </MissingDependency>
      <MissingDependency>
        <Required key="64" type="26" schemaName="Upcoming Milestones (30 days) I am Connected to" displayName="Upcoming Milestones (30 days) I am Connected to" parentSchemaName="gms_projectmilestonesummary" parentDisplayName="Contract Milestone Summary" solution="Active" id="{a315a817-3fe1-e711-80df-005056942393}" />
        <Dependent key="19" type="60" displayName="Milestone Management Dashboard" id="{e671ff97-d1de-e511-80d4-005056947b8d}" />
      </MissingDependency>
      <MissingDependency>
        <Required key="67" type="26" schemaName="Upcoming Milestones (30 Days) Assigned to Me" displayName="Upcoming Milestones (30 Days) Assigned to Me" parentSchemaName="gms_projectmilestonesummary" parentDisplayName="Contract Milestone Summary" solution="Active" id="{e7e3dbde-80e7-e611-80dd-005056947fe2}" />
        <Dependent key="19" type="60" displayName="Milestone Management Dashboard" id="{e671ff97-d1de-e511-80d4-005056947b8d}" />
      </MissingDependency>
      <MissingDependency>
        <Required key="107" type="26" schemaName="Upcoming Milestones (12 Months)" displayName="Upcoming Milestones (12 Months)" parentSchemaName="gms_projectmilestonesummary" parentDisplayName="Contract Milestone Summary" solution="Active" id="{ead82e2f-61e7-e611-80dd-005056947fe2}" />
        <Dependent key="19" type="60" displayName="Milestone Management Dashboard" id="{e671ff97-d1de-e511-80d4-005056947b8d}" />
      </MissingDependency>
      <MissingDependency>
        <Required key="60" type="26" schemaName="Upcoming Milestones (30 days) I am Accountable for" displayName="Upcoming Milestones (30 days) I am Accountable for" parentSchemaName="gms_projectmilestonesummary" parentDisplayName="Contract Milestone Summary" solution="Active" id="{a0b3398b-11d4-e711-80df-005056942393}" />
        <Dependent key="19" type="60" displayName="Milestone Management Dashboard" id="{e671ff97-d1de-e511-80d4-005056947b8d}" />
      </MissingDependency>
      <MissingDependency>
        <Required key="108" type="26" schemaName="Action Required Contract Milestone Reports" displayName="Action Required Contract Milestone Reports" parentSchemaName="gms_projectmilestonereport" parentDisplayName="Contract Milestone Report" solution="Active" id="{163bd0ed-5515-e511-9449-00155d00085a}" />
        <Dependent key="20" type="60" displayName="GRDC Dashboard" id="{168eabbb-07e3-e411-9442-00155d00085a}" />
      </MissingDependency>
      <MissingDependency>
        <Required key="87" type="26" schemaName="Active Procurements" displayName="Active Procurements" parentSchemaName="gms_fundingcall" parentDisplayName="Procurement" solution="Active" id="{a28bf3c1-3335-4f37-baeb-8b668007baa0}" />
        <Dependent key="20" type="60" displayName="GRDC Dashboard" id="{168eabbb-07e3-e411-9442-00155d00085a}" />
      </MissingDependency>
      <MissingDependency>
        <Required key="109" type="26" schemaName="Variations to Action" displayName="Variations to Action" parentSchemaName="gms_projectchangerequest" parentDisplayName="Variation" solution="Active" id="{e0a6099a-7406-e411-9429-00155d00085a}" />
        <Dependent key="20" type="60" displayName="GRDC Dashboard" id="{168eabbb-07e3-e411-9442-00155d00085a}" />
      </MissingDependency>
      <MissingDependency>
        <Required key="110" type="26" schemaName="My Active Ideas" displayName="My Active Ideas" parentSchemaName="ims_idea" parentDisplayName="Idea" solution="Active" id="{b7a3c23b-85d0-e511-80d3-005056947b8d}" />
        <Dependent key="20" type="60" displayName="GRDC Dashboard" id="{168eabbb-07e3-e411-9442-00155d00085a}" />
      </MissingDependency>
      <MissingDependency>
        <Required key="111" type="26" schemaName="My Team Members' Activities" displayName="My Team Members' Activities" parentSchemaName="activitypointer" parentDisplayName="Activity" solution="System" id="{8fba639e-cd73-df11-805d-00155db1891a}" />
        <Dependent key="20" type="60" displayName="GRDC Dashboard" id="{168eabbb-07e3-e411-9442-00155d00085a}" />
      </MissingDependency>
      <MissingDependency>
        <Required key="112" type="26" schemaName="Scheduled Activities" displayName="Scheduled Activities" parentSchemaName="activitypointer" parentDisplayName="Activity" solution="System" id="{1795e537-6270-4c62-8175-77cf045315f3}" />
        <Dependent key="20" type="60" displayName="GRDC Dashboard" id="{168eabbb-07e3-e411-9442-00155d00085a}" />
      </MissingDependency>
      <MissingDependency>
        <Required key="113" type="26" schemaName="Contracted in Forward Financial Years" displayName="Contracted in Forward Financial Years" parentSchemaName="gms_projectmilestonesummary" parentDisplayName="Contract Milestone Summary" solution="Active" id="{78ff9356-06de-e611-80dd-005056947fe2}" />
        <Dependent key="16" type="60" displayName="Budget Position Dashboard" id="{85667cf9-acdb-e611-80dd-005056947fe2}" />
      </MissingDependency>
      <MissingDependency>
        <Required key="114" type="26" schemaName="My Activities" displayName="My Activities" parentSchemaName="activitypointer" parentDisplayName="Activity" solution="System" id="{00000000-0000-0000-00aa-000010001899}" />
        <Dependent key="20" type="60" displayName="GRDC Dashboard" id="{168eabbb-07e3-e411-9442-00155d00085a}" />
      </MissingDependency>
      <MissingDependency>
        <Required key="115" type="26" schemaName="Active Variations" displayName="Active Variations" parentSchemaName="gms_projectchangerequest" parentDisplayName="Variation" solution="Active" id="{280ef404-85bb-4202-a666-1e055fcfad21}" />
        <Dependent key="20" type="60" displayName="GRDC Dashboard" id="{168eabbb-07e3-e411-9442-00155d00085a}" />
      </MissingDependency>
      <MissingDependency>
        <Required key="116" type="26" schemaName="Open Activities" displayName="Open Activities" parentSchemaName="activitypointer" parentDisplayName="Activity" solution="System" id="{00000000-0000-0000-00aa-000010001900}" />
        <Dependent key="20" type="60" displayName="GRDC Dashboard" id="{168eabbb-07e3-e411-9442-00155d00085a}" />
      </MissingDependency>
      <MissingDependency>
        <Required key="117" type="26" schemaName="Active Contract Milestone Reports" displayName="Active Contract Milestone Reports" parentSchemaName="gms_projectmilestonereport" parentDisplayName="Contract Milestone Report" solution="Active" id="{7b3a40ca-65bb-41e9-abc3-f7306b976dd4}" />
        <Dependent key="20" type="60" displayName="GRDC Dashboard" id="{168eabbb-07e3-e411-9442-00155d00085a}" />
      </MissingDependency>
      <MissingDependency>
        <Required key="118" type="26" schemaName="Active Contract Milestone Reports Assigned to Me" displayName="Active Contract Milestone Reports Assigned to Me" parentSchemaName="gms_projectmilestonereport" parentDisplayName="Contract Milestone Report" solution="Active" id="{e6e8b4b9-7306-e411-9429-00155d00085a}" />
        <Dependent key="20" type="60" displayName="GRDC Dashboard" id="{168eabbb-07e3-e411-9442-00155d00085a}" />
      </MissingDependency>
      <MissingDependency>
        <Required key="119" type="59" schemaName="Activities by Month Due" displayName="Activities by Month Due" parentSchemaName="activitypointer" parentDisplayName="Activity" solution="System" id="{edf35649-5293-de11-97d4-00155da3b01e}" />
        <Dependent key="20" type="60" displayName="GRDC Dashboard" id="{168eabbb-07e3-e411-9442-00155d00085a}" />
      </MissingDependency>
      <MissingDependency>
        <Required key="120" type="59" schemaName="Milestone Total $ Amount by Financial Year" displayName="Milestone Total $ Amount by Financial Year" parentSchemaName="gms_projectmilestonesummary" parentDisplayName="Contract Milestone Summary" solution="Active" id="{8ecf3b82-93dc-e611-80dd-005056947fe2}" />
        <Dependent key="19" type="60" displayName="Milestone Management Dashboard" id="{e671ff97-d1de-e511-80d4-005056947b8d}" />
      </MissingDependency>
      <MissingDependency>
        <Required key="121" type="59" schemaName="Milestone Total $ Amount by Investment Purpose" displayName="Milestone Total $ Amount by Investment Purpose" parentSchemaName="gms_projectmilestonesummary" parentDisplayName="Contract Milestone Summary" solution="Active" id="{1ce58a6a-93dc-e611-80dd-005056947fe2}" />
        <Dependent key="19" type="60" displayName="Milestone Management Dashboard" id="{e671ff97-d1de-e511-80d4-005056947b8d}" />
      </MissingDependency>
      <MissingDependency>
        <Required key="122" type="59" schemaName="Procurement Total $ Budget by Investment Purpose" displayName="Procurement Total $ Budget by Investment Purpose" parentSchemaName="gms_fundingcallbudgetline" parentDisplayName="Procurement Budget Line" solution="Active" id="{c7b83e32-89dc-e611-80dd-005056947fe2}" />
        <Dependent key="16" type="60" displayName="Budget Position Dashboard" id="{85667cf9-acdb-e611-80dd-005056947fe2}" />
      </MissingDependency>
      <MissingDependency>
        <Required key="123" type="59" schemaName="Milestone Total $ Paid by Investment Purpose" displayName="Milestone Total $ Paid by Investment Purpose" parentSchemaName="gms_projectmilestonesummary" parentDisplayName="Contract Milestone Summary" solution="Active" id="{b1e7dcfa-93dc-e611-80dd-005056947fe2}" />
        <Dependent key="16" type="60" displayName="Budget Position Dashboard" id="{85667cf9-acdb-e611-80dd-005056947fe2}" />
      </MissingDependency>
      <MissingDependency>
        <Required key="121" type="59" schemaName="Milestone Total $ Amount by Investment Purpose" displayName="Milestone Total $ Amount by Investment Purpose" parentSchemaName="gms_projectmilestonesummary" parentDisplayName="Contract Milestone Summary" solution="Active" id="{1ce58a6a-93dc-e611-80dd-005056947fe2}" />
        <Dependent key="16" type="60" displayName="Budget Position Dashboard" id="{85667cf9-acdb-e611-80dd-005056947fe2}" />
      </MissingDependency>
      <MissingDependency>
        <Required key="124" type="59" schemaName="Investment Budget Total $ Amount by Investment Purpose" displayName="Investment Budget Total $ Amount by Investment Purpose" parentSchemaName="gms_sipbudgetline" parentDisplayName="SIP Budget Line" solution="Active" id="{0e94ea2b-b5db-e611-80dd-005056947fe2}" />
        <Dependent key="16" type="60" displayName="Budget Position Dashboard" id="{85667cf9-acdb-e611-80dd-005056947fe2}" />
      </MissingDependency>
      <MissingDependency>
        <Required key="125" type="59" schemaName="Contract Count by Investment Purpose" displayName="Contract Count by Investment Purpose" parentSchemaName="gms_project" parentDisplayName="Contract" solution="Active" id="{3c63373b-47dc-e611-80dd-005056947fe2}" />
        <Dependent key="13" type="60" displayName="Investment Throughput Dashboard" id="{86122fa4-addb-e611-80dd-005056947fe2}" />
      </MissingDependency>
      <MissingDependency>
        <Required key="126" type="59" schemaName="Procurement Count by Investment Purpose" displayName="Procurement Count by Investment Purpose" parentSchemaName="gms_fundingcall" parentDisplayName="Procurement" solution="Active" id="{2748baaa-3fdc-e611-80dd-005056947fe2}" />
        <Dependent key="13" type="60" displayName="Investment Throughput Dashboard" id="{86122fa4-addb-e611-80dd-005056947fe2}" />
      </MissingDependency>
      <MissingDependency>
        <Required key="127" type="59" schemaName="Idea Count by Assignee" displayName="Idea Count by Assignee" parentSchemaName="ims_idea" parentDisplayName="Idea" solution="Active" id="{a850dc0a-a9de-e511-80d4-005056947b8d}" />
        <Dependent key="13" type="60" displayName="Investment Throughput Dashboard" id="{86122fa4-addb-e611-80dd-005056947fe2}" />
      </MissingDependency>
      <MissingDependency>
        <Required key="128" type="59" schemaName="Contract Total $ Committed Budget by Investment Purpose" displayName="Contract Total $ Committed Budget by Investment Purpose" parentSchemaName="gms_project" parentDisplayName="Contract" solution="Active" id="{b455431f-4cdc-e611-80dd-005056947fe2}" />
        <Dependent key="13" type="60" displayName="Investment Throughput Dashboard" id="{86122fa4-addb-e611-80dd-005056947fe2}" />
      </MissingDependency>
      <MissingDependency>
        <Required key="129" type="59" schemaName="Record Count by Record Type" displayName="Record Count by Record Type" parentSchemaName="connection" parentDisplayName="Connection" solution="Active" id="{44aedea8-df14-e711-80e8-005056947fe2}" />
        <Dependent key="81" type="60" displayName="Records I Am Connected To" id="{f766abdb-f714-e711-80e8-005056947fe2}" />
      </MissingDependency>
      <MissingDependency>
        <Required key="130" type="59" schemaName="Analysis Count by Investment Purpose" displayName="Analysis Count by Investment Purpose" parentSchemaName="ims_analysis" parentDisplayName="Analysis" solution="Active" id="{296d2df8-cddf-e711-80df-005056942393}" />
        <Dependent key="13" type="60" displayName="Investment Throughput Dashboard" id="{86122fa4-addb-e611-80dd-005056947fe2}" />
      </MissingDependency>
      <MissingDependency>
        <Required key="131" type="59" schemaName="Committed vs Actual Milestone $ Amount by Month" displayName="Committed vs Actual Milestone $ Amount by Month" parentSchemaName="gms_projectmilestonesummary" parentDisplayName="Contract Milestone Summary" solution="Active" id="{c06a1e32-aa28-e711-80e8-005056947fe2}" />
        <Dependent key="1" type="60" displayName="Workload Tracking Dashboard" id="{aca991c9-4b35-e711-80e8-005056947fe2}" />
      </MissingDependency>
      <MissingDependency>
        <Required key="126" type="59" schemaName="Procurement Count by Investment Purpose" displayName="Procurement Count by Investment Purpose" parentSchemaName="gms_fundingcall" parentDisplayName="Procurement" solution="Active" id="{2748baaa-3fdc-e611-80dd-005056947fe2}" />
        <Dependent key="8" type="60" displayName="My Dashboard" id="{e2738860-724f-4e68-8db6-b2550cffe74c}" />
      </MissingDependency>
      <MissingDependency>
        <Required key="130" type="59" schemaName="Analysis Count by Investment Purpose" displayName="Analysis Count by Investment Purpose" parentSchemaName="ims_analysis" parentDisplayName="Analysis" solution="Active" id="{296d2df8-cddf-e711-80df-005056942393}" />
        <Dependent key="8" type="60" displayName="My Dashboard" id="{e2738860-724f-4e68-8db6-b2550cffe74c}" />
      </MissingDependency>
      <MissingDependency>
        <Required key="131" type="59" schemaName="Committed vs Actual Milestone $ Amount by Month" displayName="Committed vs Actual Milestone $ Amount by Month" parentSchemaName="gms_projectmilestonesummary" parentDisplayName="Contract Milestone Summary" solution="Active" id="{c06a1e32-aa28-e711-80e8-005056947fe2}" />
        <Dependent key="8" type="60" displayName="My Dashboard" id="{e2738860-724f-4e68-8db6-b2550cffe74c}" />
      </MissingDependency>
      <MissingDependency>
        <Required key="128" type="59" schemaName="Contract Total $ Committed Budget by Investment Purpose" displayName="Contract Total $ Committed Budget by Investment Purpose" parentSchemaName="gms_project" parentDisplayName="Contract" solution="Active" id="{b455431f-4cdc-e611-80dd-005056947fe2}" />
        <Dependent key="8" type="60" displayName="My Dashboard" id="{e2738860-724f-4e68-8db6-b2550cffe74c}" />
      </MissingDependency>
      <MissingDependency>
        <Required key="127" type="59" schemaName="Idea Count by Assignee" displayName="Idea Count by Assignee" parentSchemaName="ims_idea" parentDisplayName="Idea" solution="Active" id="{a850dc0a-a9de-e511-80d4-005056947b8d}" />
        <Dependent key="8" type="60" displayName="My Dashboard" id="{e2738860-724f-4e68-8db6-b2550cffe74c}" />
      </MissingDependency>
    </MissingDependencies>
  </SolutionManifest>
</ImportExportXml>